{"_id":"pages","detailCat":{"albumStep":5,"photoStep":3,"cantUpload":"*","galleryPreload":1,"manageUpload":true,"galleryCompressed":false},"genealogy":{"catsStep":3,"main_lower_threshold":50,"adStep":6,"photoPopWeight":10},"checkFeedback":{"step":6}}
{"_id":"filter","colour":["橘","白","黑","橘白","三花","狸花","奶牛","玳瑁"],"campuses":["新校区"],"area":[]}
{"_id":"friendLink","apps":[{"appid":"wx5bd705b2bc91c73b","logo":"../../images/system/zdmp_logo.png","name":"中大猫谱"}]}
{"_id":"subscribeMsg","verifyPhoto":{"receiverNum":2,"triggerNum":6},"chkFeedback":{"receiverNum":2}}
